Repository,Date,Stars
Uchindami/genrescope,Sun Sep 03 2023 08:30:04 GMT+0200 (Central Africa Time),0
Uchindami/genrescope,Mon Sep 04 2023 08:30:04 GMT+0200 (Central Africa Time),1
Uchindami/genrescope,Mon Sep 04 2023 08:40:40 GMT+0200 (Central Africa Time),2
Uchindami/genrescope,Mon Oct 16 2023 09:31:49 GMT+0200 (Central Africa Time),3
Uchindami/genrescope,Thu Nov 02 2023 14:15:22 GMT+0200 (Central Africa Time),4
Uchindami/genrescope,Sun Dec 10 2023 09:45:10 GMT+0200 (Central Africa Time),5
Uchindami/genrescope,Thu Dec 28 2023 18:20:55 GMT+0200 (Central Africa Time),6
Uchindami/genrescope,Thu Feb 15 2024 11:30:15 GMT+0200 (Central Africa Time),7
Uchindami/genrescope,Thu Apr 04 2024 07:10:33 GMT+0200 (Central Africa Time),8
Uchindami/genrescope,Wed Jun 12 2024 15:55:40 GMT+0200 (Central Africa Time),9
Uchindami/genrescope,Fri Jun 14 2024 08:22:18 GMT+0200 (Central Africa Time),10
Uchindami/genrescope,Tue Aug 20 2024 21:05:05 GMT+0200 (Central Africa Time),11
Uchindami/genrescope,Sat Oct 05 2024 13:40:50 GMT+0200 (Central Africa Time),12
Uchindami/genrescope,Tue Nov 19 2024 10:15:25 GMT+0200 (Central Africa Time),13
Uchindami/genrescope,Sun Dec 22 2024 16:30:12 GMT+0200 (Central Africa Time),14
Uchindami/genrescope,Sat Feb 08 2025 09:12:44 GMT+0200 (Central Africa Time),15
Uchindami/genrescope,Tue Mar 25 2025 14:50:30 GMT+0200 (Central Africa Time),16
Uchindami/genrescope,Sat May 10 2025 19:18:15 GMT+0200 (Central Africa Time),17
Uchindami/genrescope,Sun May 11 2025 10:25:40 GMT+0200 (Central Africa Time),18
Uchindami/genrescope,Tue Jul 15 2025 11:25:55 GMT+0200 (Central Africa Time),19
Uchindami/genrescope,Tue Sep 02 2025 08:45:10 GMT+0200 (Central Africa Time),20
Uchindami/genrescope,Thu Oct 30 2025 15:10:22 GMT+0200 (Central Africa Time),21
Uchindami/genrescope,Mon Dec 15 2025 20:20:05 GMT+0200 (Central Africa Time),22
Uchindami/genrescope,Sat Jan 03 2026 10:05:33 GMT+0200 (Central Africa Time),23